Attack_Type,Samples,Detected_Malicious,Missed_As_Benign,Detection_Rate
DDOS-ICMP_FRAGMENTATION,34488,0,34488,0.0
DDOS-HTTP_FLOOD,2230,0,2230,0.0
DDOS-SLOWLORIS,1757,0,1757,0.0
DDOS-UDP_FRAGMENTATION,21833,0,21833,0.0
DDOS-TCP_FLOOD,342074,0,342074,0.0
DDOS-SYN_FLOOD,309618,0,309618,0.0
DDOS-RSTFINFLOOD,307907,0,307907,0.0
DOS-HTTP_FLOOD,5505,0,5505,0.0
DOS-UDP_FLOOD,252399,0,252399,0.0
MIRAI-GREETH_FLOOD,75447,0,75447,0.0
MIRAI-GREIP_FLOOD,56916,0,56916,0.0
MIRAI-UDPPLAIN,67789,0,67789,0.0
DDOS-UDP_FLOOD,411591,1,411590,2.42959637115486e-06
DDOS-PSHACK_FLOOD,312062,1,312061,3.204491415167499e-06
DOS-TCP_FLOOD,203390,1,203389,4.9166625694478584e-06
DOS-SYN_FLOOD,154020,1,154019,6.492663290481755e-06
DDOS-SYNONYMOUSIP_FLOOD,274344,2,274342,7.290117516694369e-06
DDOS-ACK_FRAGMENTATION,21875,2,21873,9.142857142857143e-05
RECON-HOSTDISCOVERY,10303,118,10185,0.01145297486169077
BACKDOOR_MALWARE,234,4,230,0.017094017094017096
UPLOADING_ATTACK,112,2,110,0.017857142857142856
BROWSERHIJACKING,431,9,422,0.02088167053364269
XSS,326,7,319,0.02147239263803681
DNS_SPOOFING,13737,418,13319,0.030428769017980636
DICTIONARYBRUTEFORCE,1010,42,968,0.041584158415841586
VULNERABILITYSCAN,28477,1299,27178,0.04561576008708783
COMMANDINJECTION,394,18,376,0.04568527918781726
SQLINJECTION,406,22,384,0.054187192118226604
RECON-OSSCAN,7313,414,6899,0.056611513742650076
RECON-PORTSCAN,6223,355,5868,0.05704644062349349
DDOS-ICMP_FLOOD,547593,36700,510893,0.06702057915276492
RECON-PINGSWEEP,183,13,170,0.07103825136612021
MITM-ARPSPOOFING,23583,1899,21684,0.0805241063477929
